{
	"record": {
		"ID": "b6d08214-aa50-5bde-b6c5-e20353c1702c",
		"data": {
			"object_hash_id": "aa79d154-9309-5303-8733-d5fc3d40e7cd",
			"config_hash_id": "3a73671e-a861-5d8b-9cbb-a50c02bad5c5",
			"result": {
				"DesignFlow": 0.72688923928901172,
				"InterceptedFlow": 0.72688923928901172,
				"Efficiency": 1,
				"UpstreamBypass": 0,
				"UpstreamSpread": 0,
				"UpstreamSpread2": 0,
				"DownstreamSpread": 0,
				"MaxSpread": 6.1929930823856214,
				"MaxDepth": 0.16385986164771243
			}
		}
	},
	"object": {
		"ID": "aa79d154-9309-5303-8733-d5fc3d40e7cd",
		"data": {
			"Family": "",
			"Size": "12f2119a-fc53-675b-17cb-c3d25e2828cc",
			"LocalDepression": 0
		}
	},
	"config": {
		"ID": "3a73671e-a861-5d8b-9cbb-a50c02bad5c5",
		"data": {
			"Q": 0.72688923928901172,
			"catchment_record_hash": "fefd51c6-cc60-5f9d-8580-6e987ba72f1f",
			"Location": {
				"InletLocation": 1,
				"Gutter": {
					"SW": 0,
					"SX": 0,
					"Width": 0,
					"Manning": 0,
					"LongtitudeSlope": 0
				}
			}
		}
	}
}